epoch,accuracy,auc,learning_rate,loss,val_accuracy,val_auc,val_loss
0,0.7498461604118347,0.8376634120941162,9.999999747378752e-05,0.49710649251937866,0.7315797805786133,0.7485871315002441,1.397503137588501
1,0.7725384831428528,0.8675932884216309,9.999999747378752e-05,0.44923320412635803,0.7457314133644104,0.7377086281776428,1.7313846349716187
2,0.7749999761581421,0.8720024228096008,9.999999747378752e-05,0.4434570372104645,0.6823565363883972,0.5498800873756409,8.61520767211914
3,0.7770769000053406,0.8788683414459229,9.999999747378752e-05,0.43117067217826843,0.8295646905899048,0.902039647102356,0.4071325659751892
4,0.7844615578651428,0.8841838240623474,9.999999747378752e-05,0.421274870634079,0.35917550325393677,0.8847673535346985,1.1909050941467285
5,0.7806153893470764,0.8838181495666504,9.999999747378752e-05,0.42240092158317566,0.3221043050289154,0.5167350769042969,6.278801441192627
6,0.7878461480140686,0.8872858881950378,9.999999747378752e-05,0.41637977957725525,0.32948777079582214,0.647294819355011,4.40050745010376
7,0.7870769500732422,0.890508770942688,4.999999873689376e-05,0.40995025634765625,0.319027841091156,0.5809242129325867,4.809420585632324
8,0.7935384511947632,0.8932383060455322,4.999999873689376e-05,0.4046059548854828,0.795108437538147,0.9091099500656128,0.41650891304016113
