fold,threshold,accuracy,precision,recall,f1
1,0.5,0.8336397058823529,0.7639620653319283,0.6944444444444444,0.7275464124435524
2,0.5,0.8265931372549019,0.7483731019522777,0.673828125,0.7091469681397738
3,0.5,0.8268995098039216,0.749730312837109,0.6760700389105059,0.710997442455243
